indicator_name,year,value
"Completion rate, lower secondary education, both sexes (modelled data) (%) ",1998,99.63999939
"Completion rate, primary education, both sexes (modelled data) (%) ",1998,99.79000092
"Completion rate, upper secondary education, both sexes (modelled data) (%) ",1998,87.25
Expenditure on education as a percentage of total government expenditure (%),1998,11.48801818
Government expenditure on education as a percentage of GDP (%),1998,4.207079887
"Gross enrolment ratio for tertiary education, both sexes (%)",1998,56.91801834
Initial government expenditure on education as a percentage of GDP (%),1998,4.207079887
Initial government funding per pre-primary student as a percentage of GDP per capita,1998,17.78009987
"Initial government funding per pre-primary student, constant PPP$",1998,7150.912109
Initial government funding per primary student as a percentage of GDP per capita,1998,12.43140984
"Initial government funding per primary student, constant PPP$",1998,4999.742676
Initial government funding per secondary student as a percentage of GDP per capita,1998,22.55315018
"Initial government funding per secondary student, constant PPP$",1998,9070.563477
Initial government funding per tertiary student as a percentage of GDP per capita,1998,27.77477074
"Initial government funding per tertiary student, constant PPP$",1998,11170.62891
Number of years of compulsory pre-primary education guaranteed in legal frameworks,1998,0.0
Number of years of compulsory primary and secondary education guaranteed in legal frameworks,1998,11.0
Number of years of free pre-primary education guaranteed in legal frameworks,1998,2.0
Number of years of free primary and secondary education guaranteed in legal frameworks,1998,13.0
"Out-of-school rate for adolescents and youth of lower and upper secondary school age, both sexes (%)",1998,7.374159813
"Out-of-school rate for adolescents of lower secondary school age, both sexes (%)",1998,1.803359985
"Out-of-school rate for adolescents of lower secondary school age, both sexes (modelled data) (%) ",1998,0.0
"Out-of-school rate for children of primary school age, both sexes (%)",1998,0.00871
"Out-of-school rate for children of primary school age, both sexes (modelled data) (%) ",1998,2.0
"Out-of-school rate for children, adolescents and youth of primary, lower secondary and upper secondary school age, both sexes (%)",1998,3.874530077
"Out-of-school rate for youth of upper secondary school age, both sexes (%)",1998,11.70600986
"Out-of-school rate for youth of upper secondary school age, both sexes (modelled data) (%) ",1998,5.5
"Participation rate of youth and adults in formal and non-formal education and training in the previous 12 months, 15-24 years old, both sexes (%)",1998,40.1
"Participation rate of youth and adults in formal and non-formal education and training in the previous 12 months, 15-64 years old, both sexes (%)",1998,13.1
"Participation rate of youth and adults in formal and non-formal education and training in the previous 12 months, 25-54 years old, both sexes (%)",1998,8.3
"Participation rate of youth and adults in formal and non-formal education and training in the previous 12 months, 55-64 years old, both sexes (%)",1998,1.6
"Proportion of 15- to 24-year-olds enrolled in vocational education, both sexes (%)",1998,9.481900215
Gini index,1998,36.6
Income share held by highest 20%,1998,43.4
Income share held by lowest 20%,1998,7.0
"Labor force participation rate, total (% of total population ages 15-64) (modeled ILO estimate)",1998,75.488
Poverty headcount ratio at $2.15 a day (2017 PPP) (% of population),1998,0.2
"School enrollment, primary (% gross)",1998,100.3194504
"School enrollment, secondary (% gross)",1998,97.59175873
"School enrollment, tertiary (% gross)",1998,56.91801834
"Completion rate, lower secondary education, both sexes (modelled data) (%) ",1999,99.63999939
"Completion rate, primary education, both sexes (modelled data) (%) ",1999,99.79000092
"Completion rate, upper secondary education, both sexes (modelled data) (%) ",1999,87.33999634
Expenditure on education as a percentage of total government expenditure (%),1999,12.40655691
Government expenditure on education as a percentage of GDP (%),1999,3.98845005
"Gross enrolment ratio for tertiary education, both sexes (%)",1999,60.02854919
Initial government expenditure on education as a percentage of GDP (%),1999,3.98845005
Initial government funding per pre-primary student as a percentage of GDP per capita,1999,17.6416893
"Initial government funding per pre-primary student, constant PPP$",1999,7316.143555
Initial government funding per primary student as a percentage of GDP per capita,1999,12.23176003
"Initial government funding per primary student, constant PPP$",1999,5072.604004
Initial government funding per secondary student as a percentage of GDP per capita,1999,20.94355965
"Initial government funding per secondary student, constant PPP$",1999,8685.453125
Initial government funding per tertiary student as a percentage of GDP per capita,1999,22.54648018
"Initial government funding per tertiary student, constant PPP$",1999,9350.198242
Number of years of compulsory pre-primary education guaranteed in legal frameworks,1999,0.0
Number of years of compulsory primary and secondary education guaranteed in legal frameworks,1999,11.0
Number of years of free pre-primary education guaranteed in legal frameworks,1999,2.0
Number of years of free primary and secondary education guaranteed in legal frameworks,1999,13.0
"Out-of-school rate for adolescents and youth of lower and upper secondary school age, both sexes (%)",1999,5.639649868
"Out-of-school rate for adolescents of lower secondary school age, both sexes (%)",1999,1.401540041
"Out-of-school rate for adolescents of lower secondary school age, both sexes (modelled data) (%) ",1999,0.0
"Out-of-school rate for children of primary school age, both sexes (%)",1999,0.075130001
"Out-of-school rate for children of primary school age, both sexes (modelled data) (%) ",1999,2.0
"Out-of-school rate for children, adolescents and youth of primary, lower secondary and upper secondary school age, both sexes (%)",1999,3.011379957
"Out-of-school rate for youth of upper secondary school age, both sexes (%)",1999,8.977020264
"Out-of-school rate for youth of upper secondary school age, both sexes (modelled data) (%) ",1999,5.5
"Participation rate of youth and adults in formal and non-formal education and training in the previous 12 months, 15-24 years old, both sexes (%)",1999,40.5
"Participation rate of youth and adults in formal and non-formal education and training in the previous 12 months, 15-64 years old, both sexes (%)",1999,13.3
"Participation rate of youth and adults in formal and non-formal education and training in the previous 12 months, 25-54 years old, both sexes (%)",1999,8.4
"Participation rate of youth and adults in formal and non-formal education and training in the previous 12 months, 55-64 years old, both sexes (%)",1999,1.6
"Proportion of 15- to 24-year-olds enrolled in vocational education, both sexes (%)",1999,14.27229977
Gini index,1999,36.8
Income share held by highest 20%,1999,43.5
Income share held by lowest 20%,1999,6.9
"Labor force participation rate, total (% of total population ages 15-64) (modeled ILO estimate)",1999,75.277
Poverty headcount ratio at $2.15 a day (2017 PPP) (% of population),1999,0.2
"School enrollment, primary (% gross)",1999,100.5159912
"School enrollment, secondary (% gross)",1999,100.4184418
"School enrollment, tertiary (% gross)",1999,60.02854919
"Completion rate, lower secondary education, both sexes (modelled data) (%) ",2000,99.63999939
"Completion rate, primary education, both sexes (modelled data) (%) ",2000,99.79000092
"Completion rate, upper secondary education, both sexes (modelled data) (%) ",2000,87.37000275
Expenditure on education as a percentage of total government expenditure (%),2000,13.25675826
Government expenditure on education as a percentage of GDP (%),2000,4.018219948
"Gross enrolment ratio for tertiary education, both sexes (%)",2000,57.36511993
Initial government expenditure on education as a percentage of GDP (%),2000,4.018219948
Initial government funding per pre-primary student as a percentage of GDP per capita,2000,17.95999908
"Initial government funding per pre-primary student, constant PPP$",2000,7650.969238
Initial government funding per primary student as a percentage of GDP per capita,2000,12.58071995
"Initial government funding per primary student, constant PPP$",2000,5359.393555
Initial government funding per secondary student as a percentage of GDP per capita,2000,21.62154007
"Initial government funding per secondary student, constant PPP$",2000,9210.791016
Initial government funding per tertiary student as a percentage of GDP per capita,2000,20.43362045
"Initial government funding per tertiary student, constant PPP$",2000,8704.733398
Number of years of compulsory pre-primary education guaranteed in legal frameworks,2000,0.0
Number of years of compulsory primary and secondary education guaranteed in legal frameworks,2000,11.0
Number of years of free pre-primary education guaranteed in legal frameworks,2000,2.0
Number of years of free primary and secondary education guaranteed in legal frameworks,2000,13.0
"Out-of-school rate for adolescents and youth of lower and upper secondary school age, both sexes (%)",2000,5.957349777
"Out-of-school rate for adolescents of lower secondary school age, both sexes (%)",2000,0.789009988
"Out-of-school rate for adolescents of lower secondary school age, both sexes (modelled data) (%) ",2000,0.0
"Out-of-school rate for children of primary school age, both sexes (%)",2000,0.051800001
"Out-of-school rate for children of primary school age, both sexes (modelled data) (%) ",2000,1.0
"Out-of-school rate for children, adolescents and youth of primary, lower secondary and upper secondary school age, both sexes (%)",2000,3.198440075
"Out-of-school rate for youth of upper secondary school age, both sexes (%)",2000,10.0109396
"Out-of-school rate for youth of upper secondary school age, both sexes (modelled data) (%) ",2000,15.00000095
"Participation rate of youth and adults in formal and non-formal education and training in the previous 12 months, 15-24 years old, both sexes (%)",2000,41.1
"Participation rate of youth and adults in formal and non-formal education and training in the previous 12 months, 15-64 years old, both sexes (%)",2000,13.7
"Participation rate of youth and adults in formal and non-formal education and training in the previous 12 months, 25-54 years old, both sexes (%)",2000,8.8
"Participation rate of youth and adults in formal and non-formal education and training in the previous 12 months, 55-64 years old, both sexes (%)",2000,2.2
"Proportion of 15- to 24-year-olds enrolled in vocational education, both sexes (%)",2000,14.88300991
Gini index,2000,38.8
Income share held by highest 20%,2000,45.5
Income share held by lowest 20%,2000,6.8
"Labor force participation rate, total (% of total population ages 15-64) (modeled ILO estimate)",2000,75.557
Poverty headcount ratio at $2.15 a day (2017 PPP) (% of population),2000,0.2
"School enrollment, primary (% gross)",2000,100.5917587
"School enrollment, secondary (% gross)",2000,101.204361
"School enrollment, tertiary (% gross)",2000,57.36511993
"Completion rate, lower secondary education, both sexes (modelled data) (%) ",2001,99.63999939
"Completion rate, primary education, both sexes (modelled data) (%) ",2001,99.79000092
"Completion rate, upper secondary education, both sexes (modelled data) (%) ",2001,87.40000153
Expenditure on education as a percentage of total government expenditure (%),2001,13.61395937
Government expenditure on education as a percentage of GDP (%),2001,4.100140095
"Gross enrolment ratio for tertiary education, both sexes (%)",2001,57.48730087
Initial government expenditure on education as a percentage of GDP (%),2001,4.100140095
Initial government funding per pre-primary student as a percentage of GDP per capita,2001,19.15179062
"Initial government funding per pre-primary student, constant PPP$",2001,8480.667969
Initial government funding per primary student as a percentage of GDP per capita,2001,13.12876034
"Initial government funding per primary student, constant PPP$",2001,5813.591797
Initial government funding per secondary student as a percentage of GDP per capita,2001,21.71569061
"Initial government funding per secondary student, constant PPP$",2001,9615.999023
Initial government funding per tertiary student as a percentage of GDP per capita,2001,20.13364983
"Initial government funding per tertiary student, constant PPP$",2001,8915.451172
Number of years of compulsory pre-primary education guaranteed in legal frameworks,2001,0.0
Number of years of compulsory primary and secondary education guaranteed in legal frameworks,2001,11.0
Number of years of free pre-primary education guaranteed in legal frameworks,2001,2.0
Number of years of free primary and secondary education guaranteed in legal frameworks,2001,13.0
"Out-of-school rate for adolescents and youth of lower and upper secondary school age, both sexes (%)",2001,5.566100121
"Out-of-school rate for adolescents of lower secondary school age, both sexes (%)",2001,0.332590014
"Out-of-school rate for adolescents of lower secondary school age, both sexes (modelled data) (%) ",2001,0.0
"Out-of-school rate for children of primary school age, both sexes (%)",2001,0.048009999
"Out-of-school rate for children of primary school age, both sexes (modelled data) (%) ",2001,1.0
"Out-of-school rate for children, adolescents and youth of primary, lower secondary and upper secondary school age, both sexes (%)",2001,3.019089937
"Out-of-school rate for youth of upper secondary school age, both sexes (%)",2001,9.641480446
"Out-of-school rate for youth of upper secondary school age, both sexes (modelled data) (%) ",2001,13.0
"Participation rate of youth and adults in formal and non-formal education and training in the previous 12 months, 15-24 years old, both sexes (%)",2001,40.7
"Participation rate of youth and adults in formal and non-formal education and training in the previous 12 months, 15-64 years old, both sexes (%)",2001,14.0
"Participation rate of youth and adults in formal and non-formal education and training in the previous 12 months, 25-54 years old, both sexes (%)",2001,9.2
"Participation rate of youth and adults in formal and non-formal education and training in the previous 12 months, 55-64 years old, both sexes (%)",2001,2.4
"Proportion of 15- to 24-year-olds enrolled in vocational education, both sexes (%)",2001,14.63883018
Gini index,2001,37.1
Income share held by highest 20%,2001,44.0
Income share held by lowest 20%,2001,7.0
"Labor force participation rate, total (% of total population ages 15-64) (modeled ILO estimate)",2001,75.195
Poverty headcount ratio at $2.15 a day (2017 PPP) (% of population),2001,0.2
"School enrollment, primary (% gross)",2001,100.9359436
"School enrollment, secondary (% gross)",2001,101.2297974
"School enrollment, tertiary (% gross)",2001,57.48730087
"Completion rate, lower secondary education, both sexes (modelled data) (%) ",2002,99.63999939
"Completion rate, primary education, both sexes (modelled data) (%) ",2002,99.79000092
"Completion rate, upper secondary education, both sexes (modelled data) (%) ",2002,87.48000336
Expenditure on education as a percentage of total government expenditure (%),2002,14.73397243
Government expenditure on education as a percentage of GDP (%),2002,4.611929893
"Gross enrolment ratio for tertiary education, both sexes (%)",2002,61.1282196
Initial government expenditure on education as a percentage of GDP (%),2002,4.611929893
Initial government funding per pre-primary student as a percentage of GDP per capita,2002,19.82899094
"Initial government funding per pre-primary student, constant PPP$",2002,8972.363281
Initial government funding per primary student as a percentage of GDP per capita,2002,14.20273018
"Initial government funding per primary student, constant PPP$",2002,6426.553711
Initial government funding per secondary student as a percentage of GDP per capita,2002,23.2933197
"Initial government funding per secondary student, constant PPP$",2002,10539.92676
Initial government funding per tertiary student as a percentage of GDP per capita,2002,25.11315918
"Initial government funding per tertiary student, constant PPP$",2002,11363.38086
Number of years of compulsory pre-primary education guaranteed in legal frameworks,2002,0.0
Number of years of compulsory primary and secondary education guaranteed in legal frameworks,2002,11.0
Number of years of free pre-primary education guaranteed in legal frameworks,2002,2.0
Number of years of free primary and secondary education guaranteed in legal frameworks,2002,13.0
"Out-of-school rate for adolescents and youth of lower and upper secondary school age, both sexes (%)",2002,4.218279839
"Out-of-school rate for adolescents of lower secondary school age, both sexes (%)",2002,0.305799991
"Out-of-school rate for adolescents of lower secondary school age, both sexes (modelled data) (%) ",2002,0.0
"Out-of-school rate for children of primary school age, both sexes (%)",2002,0.026079999
"Out-of-school rate for children of primary school age, both sexes (modelled data) (%) ",2002,0.0
"Out-of-school rate for children, adolescents and youth of primary, lower secondary and upper secondary school age, both sexes (%)",2002,2.307389975
"Out-of-school rate for youth of upper secondary school age, both sexes (%)",2002,7.230120182
"Out-of-school rate for youth of upper secondary school age, both sexes (modelled data) (%) ",2002,11.0
"Participation rate of youth and adults in formal and non-formal education and training in the previous 12 months, 15-24 years old, both sexes (%)",2002,40.4
"Participation rate of youth and adults in formal and non-formal education and training in the previous 12 months, 15-64 years old, both sexes (%)",2002,14.2
"Participation rate of youth and adults in formal and non-formal education and training in the previous 12 months, 25-54 years old, both sexes (%)",2002,9.4
"Participation rate of youth and adults in formal and non-formal education and training in the previous 12 months, 55-64 years old, both sexes (%)",2002,2.7
"Proportion of 15- to 24-year-olds enrolled in vocational education, both sexes (%)",2002,15.59502983
Gini index,2002,35.1
Income share held by highest 20%,2002,42.4
Income share held by lowest 20%,2002,7.3
"Labor force participation rate, total (% of total population ages 15-64) (modeled ILO estimate)",2002,75.324
Poverty headcount ratio at $2.15 a day (2017 PPP) (% of population),2002,0.2
"School enrollment, primary (% gross)",2002,100.6921921
"School enrollment, secondary (% gross)",2002,102.6145172
"School enrollment, tertiary (% gross)",2002,61.1282196
"Completion rate, lower secondary education, both sexes (modelled data) (%) ",2003,99.63999939
"Completion rate, primary education, both sexes (modelled data) (%) ",2003,99.79000092
"Completion rate, upper secondary education, both sexes (modelled data) (%) ",2003,87.5
Expenditure on education as a percentage of total government expenditure (%),2003,14.47748944
Government expenditure on education as a percentage of GDP (%),2003,4.801290035
"Gross enrolment ratio for tertiary education, both sexes (%)",2003,61.45597076
Initial government expenditure on education as a percentage of GDP (%),2003,4.801290035
Initial government funding per pre-primary student as a percentage of GDP per capita,2003,17.06678963
"Initial government funding per pre-primary student, constant PPP$",2003,7827.681152
Initial government funding per primary student as a percentage of GDP per capita,2003,16.18132019
"Initial government funding per primary student, constant PPP$",2003,7421.560547
Initial government funding per secondary student as a percentage of GDP per capita,2003,24.83333969
"Initial government funding per secondary student, constant PPP$",2003,11389.80664
Initial government funding per tertiary student as a percentage of GDP per capita,2003,24.62113953
"Initial government funding per tertiary student, constant PPP$",2003,11292.48047
Number of years of compulsory pre-primary education guaranteed in legal frameworks,2003,0.0
Number of years of compulsory primary and secondary education guaranteed in legal frameworks,2003,11.0
Number of years of free pre-primary education guaranteed in legal frameworks,2003,2.0
Number of years of free primary and secondary education guaranteed in legal frameworks,2003,13.0
"Out-of-school rate for adolescents and youth of lower and upper secondary school age, both sexes (%)",2003,4.11082983
"Out-of-school rate for adolescents of lower secondary school age, both sexes (%)",2003,0.350650012
"Out-of-school rate for adolescents of lower secondary school age, both sexes (modelled data) (%) ",2003,0.0
"Out-of-school rate for children of primary school age, both sexes (%)",2003,0.04228
"Out-of-school rate for children of primary school age, both sexes (modelled data) (%) ",2003,0.0
"Out-of-school rate for children, adolescents and youth of primary, lower secondary and upper secondary school age, both sexes (%)",2003,2.274679899
"Out-of-school rate for youth of upper secondary school age, both sexes (%)",2003,6.99421978
"Out-of-school rate for youth of upper secondary school age, both sexes (modelled data) (%) ",2003,9.0
"Participation rate of youth and adults in formal and non-formal education and training in the previous 12 months, 15-24 years old, both sexes (%)",2003,40.8
"Participation rate of youth and adults in formal and non-formal education and training in the previous 12 months, 15-64 years old, both sexes (%)",2003,14.1
"Participation rate of youth and adults in formal and non-formal education and training in the previous 12 months, 25-54 years old, both sexes (%)",2003,9.2
"Participation rate of youth and adults in formal and non-formal education and training in the previous 12 months, 55-64 years old, both sexes (%)",2003,2.5
"Proportion of 15- to 24-year-olds enrolled in vocational education, both sexes (%)",2003,14.23371983
Gini index,2003,34.9
Income share held by highest 20%,2003,42.0
Income share held by lowest 20%,2003,7.4
"Labor force participation rate, total (% of total population ages 15-64) (modeled ILO estimate)",2003,75.305
Poverty headcount ratio at $2.15 a day (2017 PPP) (% of population),2003,0.2
"School enrollment, primary (% gross)",2003,100.5981216
"School enrollment, secondary (% gross)",2003,102.1570282
"School enrollment, tertiary (% gross)",2003,61.45597076
"Completion rate, lower secondary education, both sexes (modelled data) (%) ",2004,99.63999939
"Completion rate, primary education, both sexes (modelled data) (%) ",2004,99.79000092
"Completion rate, upper secondary education, both sexes (modelled data) (%) ",2004,87.52999878
Expenditure on education as a percentage of total government expenditure (%),2004,13.88548343
Government expenditure on education as a percentage of GDP (%),2004,4.735549927
"Gross enrolment ratio for tertiary education, both sexes (%)",2004,59.45267105
Initial government expenditure on education as a percentage of GDP (%),2004,4.735549927
Initial government funding per pre-primary student as a percentage of GDP per capita,2004,22.75525093
"Initial government funding per pre-primary student, constant PPP$",2004,10715.08105
Initial government funding per primary student as a percentage of GDP per capita,2004,15.79335022
"Initial government funding per primary student, constant PPP$",2004,7436.833008
Initial government funding per secondary student as a percentage of GDP per capita,2004,23.67552948
"Initial government funding per secondary student, constant PPP$",2004,11148.42383
Initial government funding per tertiary student as a percentage of GDP per capita,2004,24.2483902
"Initial government funding per tertiary student, constant PPP$",2004,11418.17676
Number of years of compulsory pre-primary education guaranteed in legal frameworks,2004,0.0
Number of years of compulsory primary and secondary education guaranteed in legal frameworks,2004,11.0
Number of years of free pre-primary education guaranteed in legal frameworks,2004,2.0
Number of years of free primary and secondary education guaranteed in legal frameworks,2004,13.0
"Out-of-school rate for adolescents and youth of lower and upper secondary school age, both sexes (%)",2004,2.172029972
"Out-of-school rate for adolescents of lower secondary school age, both sexes (%)",2004,0.0152
"Out-of-school rate for adolescents of lower secondary school age, both sexes (modelled data) (%) ",2004,0.0
"Out-of-school rate for children of primary school age, both sexes (%)",2004,0.587080002
"Out-of-school rate for children of primary school age, both sexes (modelled data) (%) ",2004,0.0
"Out-of-school rate for children, adolescents and youth of primary, lower secondary and upper secondary school age, both sexes (%)",2004,1.461519957
"Out-of-school rate for youth of upper secondary school age, both sexes (%)",2004,3.815310001
"Out-of-school rate for youth of upper secondary school age, both sexes (modelled data) (%) ",2004,8.0
"Participation rate of youth and adults in formal and non-formal education and training in the previous 12 months, 15-24 years old, both sexes (%)",2004,62.0
"Participation rate of youth and adults in formal and non-formal education and training in the previous 12 months, 15-64 years old, both sexes (%)",2004,29.6
"Participation rate of youth and adults in formal and non-formal education and training in the previous 12 months, 25-54 years old, both sexes (%)",2004,24.6
"Participation rate of youth and adults in formal and non-formal education and training in the previous 12 months, 55-64 years old, both sexes (%)",2004,11.8
"Proportion of 15- to 24-year-olds enrolled in vocational education, both sexes (%)",2004,16.96862984
Gini index,2004,34.8
Income share held by highest 20%,2004,42.1
Income share held by lowest 20%,2004,7.4
"Labor force participation rate, total (% of total population ages 15-64) (modeled ILO estimate)",2004,75.275
Poverty headcount ratio at $2.15 a day (2017 PPP) (% of population),2004,0.2
"School enrollment, primary (% gross)",2004,105.9380722
"School enrollment, secondary (% gross)",2004,104.9429398
"School enrollment, tertiary (% gross)",2004,59.45267105
"Completion rate, lower secondary education, both sexes (modelled data) (%) ",2005,99.65000153
"Completion rate, primary education, both sexes (modelled data) (%) ",2005,99.79000092
"Completion rate, upper secondary education, both sexes (modelled data) (%) ",2005,87.55999756
Expenditure on education as a percentage of total government expenditure (%),2005,13.37721122
Government expenditure on education as a percentage of GDP (%),2005,4.929769993
"Gross enrolment ratio for tertiary education, both sexes (%)",2005,59.2745018
Initial government expenditure on education as a percentage of GDP (%),2005,4.929769993
Initial government funding per pre-primary student as a percentage of GDP per capita,2005,17.71166039
"Initial government funding per pre-primary student, constant PPP$",2005,8494.041016
Initial government funding per primary student as a percentage of GDP per capita,2005,16.88544083
"Initial government funding per primary student, constant PPP$",2005,8097.8125
Initial government funding per secondary student as a percentage of GDP per capita,2005,23.29965973
"Initial government funding per secondary student, constant PPP$",2005,11173.89941
Initial government funding per tertiary student as a percentage of GDP per capita,2005,28.81862068
"Initial government funding per tertiary student, constant PPP$",2005,13820.65039
Number of years of compulsory pre-primary education guaranteed in legal frameworks,2005,0.0
Number of years of compulsory primary and secondary education guaranteed in legal frameworks,2005,11.0
Number of years of free pre-primary education guaranteed in legal frameworks,2005,2.0
Number of years of free primary and secondary education guaranteed in legal frameworks,2005,13.0
"Out-of-school rate for adolescents and youth of lower and upper secondary school age, both sexes (%)",2005,2.599819899
"Out-of-school rate for adolescents of lower secondary school age, both sexes (%)",2005,0.073080003
"Out-of-school rate for adolescents of lower secondary school age, both sexes (modelled data) (%) ",2005,0.0
"Out-of-school rate for children of primary school age, both sexes (%)",2005,0.079580002
"Out-of-school rate for children of primary school age, both sexes (modelled data) (%) ",2005,0.0
"Out-of-school rate for children, adolescents and youth of primary, lower secondary and upper secondary school age, both sexes (%)",2005,1.47676003
"Out-of-school rate for youth of upper secondary school age, both sexes (%)",2005,4.484449863
"Out-of-school rate for youth of upper secondary school age, both sexes (modelled data) (%) ",2005,9.0
"Participation rate of youth and adults in formal and non-formal education and training in the previous 12 months, 15-24 years old, both sexes (%)",2005,61.6
"Participation rate of youth and adults in formal and non-formal education and training in the previous 12 months, 15-64 years old, both sexes (%)",2005,29.6
"Participation rate of youth and adults in formal and non-formal education and training in the previous 12 months, 25-54 years old, both sexes (%)",2005,24.4
"Participation rate of youth and adults in formal and non-formal education and training in the previous 12 months, 55-64 years old, both sexes (%)",2005,12.8
"Proportion of 15- to 24-year-olds enrolled in vocational education, both sexes (%)",2005,17.21200943
Gini index,2005,35.5
Income share held by highest 20%,2005,42.5
Income share held by lowest 20%,2005,7.2
"Labor force participation rate, total (% of total population ages 15-64) (modeled ILO estimate)",2005,75.658
Poverty headcount ratio at $2.15 a day (2017 PPP) (% of population),2005,0.2
"School enrollment, primary (% gross)",2005,105.8047104
"School enrollment, secondary (% gross)",2005,105.7050476
"School enrollment, tertiary (% gross)",2005,59.2745018
"Completion rate, lower secondary education, both sexes (modelled data) (%) ",2006,99.65000153
"Completion rate, primary education, both sexes (modelled data) (%) ",2006,99.79000092
"Completion rate, upper secondary education, both sexes (modelled data) (%) ",2006,87.55000305
Expenditure on education as a percentage of total government expenditure (%),2006,13.75953286
Government expenditure on education as a percentage of GDP (%),2006,4.976490021
"Gross enrolment ratio for tertiary education, both sexes (%)",2006,59.1907196
Initial government expenditure on education as a percentage of GDP (%),2006,4.976490021
Initial government funding per pre-primary student as a percentage of GDP per capita,2006,17.71706009
"Initial government funding per pre-primary student, constant PPP$",2006,8669.613281
Initial government funding per primary student as a percentage of GDP per capita,2006,19.59197998
"Initial government funding per primary student, constant PPP$",2006,9587.081055
Initial government funding per secondary student as a percentage of GDP per capita,2006,24.30046082
"Initial government funding per secondary student, constant PPP$",2006,11891.11328
Initial government funding per tertiary student as a percentage of GDP per capita,2006,25.86437988
"Initial government funding per tertiary student, constant PPP$",2006,12656.39453
Number of years of compulsory pre-primary education guaranteed in legal frameworks,2006,0.0
Number of years of compulsory primary and secondary education guaranteed in legal frameworks,2006,11.0
Number of years of free pre-primary education guaranteed in legal frameworks,2006,2.0
Number of years of free primary and secondary education guaranteed in legal frameworks,2006,13.0
"Out-of-school rate for adolescents and youth of lower and upper secondary school age, both sexes (%)",2006,5.790279865
"Out-of-school rate for adolescents of lower secondary school age, both sexes (%)",2006,1.027430058
"Out-of-school rate for adolescents of lower secondary school age, both sexes (modelled data) (%) ",2006,0.0
"Out-of-school rate for children of primary school age, both sexes (%)",2006,1.037719965
"Out-of-school rate for children of primary school age, both sexes (modelled data) (%) ",2006,0.0
"Out-of-school rate for children, adolescents and youth of primary, lower secondary and upper secondary school age, both sexes (%)",2006,3.684459925
"Out-of-school rate for youth of upper secondary school age, both sexes (%)",2006,9.259380341
"Out-of-school rate for youth of upper secondary school age, both sexes (modelled data) (%) ",2006,9.0
"Participation rate of youth and adults in formal and non-formal education and training in the previous 12 months, 15-24 years old, both sexes (%)",2006,61.0
"Participation rate of youth and adults in formal and non-formal education and training in the previous 12 months, 15-64 years old, both sexes (%)",2006,28.8
"Participation rate of youth and adults in formal and non-formal education and training in the previous 12 months, 25-54 years old, both sexes (%)",2006,23.8
"Participation rate of youth and adults in formal and non-formal education and training in the previous 12 months, 55-64 years old, both sexes (%)",2006,11.3
"Proportion of 15- to 24-year-olds enrolled in vocational education, both sexes (%)",2006,12.14323044
Gini index,2006,35.9
Income share held by highest 20%,2006,43.0
Income share held by lowest 20%,2006,7.2
"Labor force participation rate, total (% of total population ages 15-64) (modeled ILO estimate)",2006,76.033
Poverty headcount ratio at $2.15 a day (2017 PPP) (% of population),2006,0.2
"School enrollment, primary (% gross)",2006,104.3540726
"School enrollment, secondary (% gross)",2006,98.46827698
"School enrollment, tertiary (% gross)",2006,59.1907196
"Completion rate, lower secondary education, both sexes (modelled data) (%) ",2007,99.65000153
"Completion rate, primary education, both sexes (modelled data) (%) ",2007,99.79000092
"Completion rate, upper secondary education, both sexes (modelled data) (%) ",2007,87.56999969
Expenditure on education as a percentage of total government expenditure (%),2007,13.79046054
Government expenditure on education as a percentage of GDP (%),2007,4.924449921
"Gross enrolment ratio for tertiary education, both sexes (%)",2007,58.84508896
Initial government expenditure on education as a percentage of GDP (%),2007,4.922699928
Initial government funding per pre-primary student as a percentage of GDP per capita,2007,19.76055908
"Initial government funding per pre-primary student, constant PPP$",2007,9827.810547
Initial government funding per primary student as a percentage of GDP per capita,2007,20.82460022
"Initial government funding per primary student, constant PPP$",2007,10357.00391
Initial government funding per secondary student as a percentage of GDP per capita,2007,25.4530201
"Initial government funding per secondary student, constant PPP$",2007,12658.9209
Initial government funding per tertiary student as a percentage of GDP per capita,2007,22.04788017
"Initial government funding per tertiary student, constant PPP$",2007,10965.39551
Number of years of compulsory pre-primary education guaranteed in legal frameworks,2007,0.0
Number of years of compulsory primary and secondary education guaranteed in legal frameworks,2007,11.0
Number of years of free pre-primary education guaranteed in legal frameworks,2007,2.0
Number of years of free primary and secondary education guaranteed in legal frameworks,2007,13.0
"Out-of-school rate for adolescents and youth of lower and upper secondary school age, both sexes (%)",2007,6.777589798
"Out-of-school rate for adolescents of lower secondary school age, both sexes (%)",2007,3.209199905
"Out-of-school rate for adolescents of lower secondary school age, both sexes (modelled data) (%) ",2007,0.0
"Out-of-school rate for children of primary school age, both sexes (%)",2007,2.362760067
"Out-of-school rate for children of primary school age, both sexes (modelled data) (%) ",2007,1.0
"Out-of-school rate for children, adolescents and youth of primary, lower secondary and upper secondary school age, both sexes (%)",2007,4.831910133
"Out-of-school rate for youth of upper secondary school age, both sexes (%)",2007,9.342499733
"Out-of-school rate for youth of upper secondary school age, both sexes (modelled data) (%) ",2007,10.0
"Participation rate of youth and adults in formal and non-formal education and training in the previous 12 months, 15-24 years old, both sexes (%)",2007,61.2
"Participation rate of youth and adults in formal and non-formal education and training in the previous 12 months, 15-64 years old, both sexes (%)",2007,28.6
"Participation rate of youth and adults in formal and non-formal education and training in the previous 12 months, 25-54 years old, both sexes (%)",2007,22.8
"Participation rate of youth and adults in formal and non-formal education and training in the previous 12 months, 55-64 years old, both sexes (%)",2007,12.9
"Proportion of 15- to 24-year-olds enrolled in vocational education, both sexes (%)",2007,12.32625961
Gini index,2007,34.4
Income share held by highest 20%,2007,41.5
Income share held by lowest 20%,2007,7.3
"Labor force participation rate, total (% of total population ages 15-64) (modeled ILO estimate)",2007,75.824
Poverty headcount ratio at $2.15 a day (2017 PPP) (% of population),2007,0.2
"School enrollment, primary (% gross)",2007,103.1049194
"School enrollment, secondary (% gross)",2007,97.77851868
"School enrollment, tertiary (% gross)",2007,58.84508896
"Completion rate, lower secondary education, both sexes (modelled data) (%) ",2008,99.65000153
"Completion rate, primary education, both sexes (modelled data) (%) ",2008,99.79000092
"Completion rate, upper secondary education, both sexes (modelled data) (%) ",2008,87.62000275
Expenditure on education as a percentage of total government expenditure (%),2008,13.03092177
Government expenditure on education as a percentage of GDP (%),2008,4.909739971
"Gross enrolment ratio for tertiary education, both sexes (%)",2008,57.43098831
Initial government expenditure on education as a percentage of GDP (%),2008,4.693890095
Initial government funding per pre-primary student as a percentage of GDP per capita,2008,14.41032982
"Initial government funding per pre-primary student, constant PPP$",2008,7297.649902
Initial government funding per primary student as a percentage of GDP per capita,2008,20.70455933
"Initial government funding per primary student, constant PPP$",2008,10485.16016
Initial government funding per secondary student as a percentage of GDP per capita,2008,24.56138992
"Initial government funding per secondary student, constant PPP$",2008,12438.33203
Initial government funding per tertiary student as a percentage of GDP per capita,2008,20.30360985
"Initial government funding per tertiary student, constant PPP$",2008,10282.11426
Number of years of compulsory pre-primary education guaranteed in legal frameworks,2008,0.0
Number of years of compulsory primary and secondary education guaranteed in legal frameworks,2008,11.0
Number of years of free pre-primary education guaranteed in legal frameworks,2008,2.0
Number of years of free primary and secondary education guaranteed in legal frameworks,2008,13.0
"Out-of-school rate for adolescents and youth of lower and upper secondary school age, both sexes (%)",2008,5.652510166
"Out-of-school rate for adolescents of lower secondary school age, both sexes (%)",2008,1.448539972
"Out-of-school rate for adolescents of lower secondary school age, both sexes (modelled data) (%) ",2008,0.0
"Out-of-school rate for children of primary school age, both sexes (%)",2008,0.387609988
"Out-of-school rate for children of primary school age, both sexes (modelled data) (%) ",2008,1.0
"Out-of-school rate for children, adolescents and youth of primary, lower secondary and upper secondary school age, both sexes (%)",2008,3.347110033
"Out-of-school rate for youth of upper secondary school age, both sexes (%)",2008,8.661040306
"Out-of-school rate for youth of upper secondary school age, both sexes (modelled data) (%) ",2008,9.0
"Participation rate of youth and adults in formal and non-formal education and training in the previous 12 months, 15-24 years old, both sexes (%)",2008,57.8
"Participation rate of youth and adults in formal and non-formal education and training in the previous 12 months, 15-64 years old, both sexes (%)",2008,27.0
"Participation rate of youth and adults in formal and non-formal education and training in the previous 12 months, 25-54 years old, both sexes (%)",2008,21.4
"Participation rate of youth and adults in formal and non-formal education and training in the previous 12 months, 55-64 years old, both sexes (%)",2008,12.6
"Proportion of 15- to 24-year-olds enrolled in vocational education, both sexes (%)",2008,8.83578968
Gini index,2008,35.4
Income share held by highest 20%,2008,42.4
Income share held by lowest 20%,2008,7.2
"Labor force participation rate, total (% of total population ages 15-64) (modeled ILO estimate)",2008,76.098
Poverty headcount ratio at $2.15 a day (2017 PPP) (% of population),2008,0.2
"School enrollment, primary (% gross)",2008,105.7419434
"School enrollment, secondary (% gross)",2008,98.81587982
"School enrollment, tertiary (% gross)",2008,57.43098831
"Completion rate, lower secondary education, both sexes (modelled data) (%) ",2009,99.65000153
"Completion rate, primary education, both sexes (modelled data) (%) ",2009,99.79000092
"Completion rate, upper secondary education, both sexes (modelled data) (%) ",2009,87.61000061
Expenditure on education as a percentage of total government expenditure (%),2009,13.13495465
Government expenditure on education as a percentage of GDP (%),2009,5.062630177
"Gross enrolment ratio for tertiary education, both sexes (%)",2009,59.10113144
Initial government expenditure on education as a percentage of GDP (%),2009,5.062290192
Initial government funding per pre-primary student as a percentage of GDP per capita,2009,15.11186028
"Initial government funding per pre-primary student, constant PPP$",2009,7575.786133
Initial government funding per primary student as a percentage of GDP per capita,2009,22.04767036
"Initial government funding per primary student, constant PPP$",2009,11052.80273
Initial government funding per secondary student as a percentage of GDP per capita,2009,28.18864059
"Initial government funding per secondary student, constant PPP$",2009,14131.35449
Initial government funding per tertiary student as a percentage of GDP per capita,2009,18.61681938
"Initial government funding per tertiary student, constant PPP$",2009,9332.867188
Number of years of compulsory pre-primary education guaranteed in legal frameworks,2009,0.0
Number of years of compulsory primary and secondary education guaranteed in legal frameworks,2009,11.0
Number of years of free pre-primary education guaranteed in legal frameworks,2009,2.0
Number of years of free primary and secondary education guaranteed in legal frameworks,2009,13.0
"Out-of-school rate for adolescents and youth of lower and upper secondary school age, both sexes (%)",2009,4.255380154
"Out-of-school rate for adolescents of lower secondary school age, both sexes (%)",2009,0.00581
"Out-of-school rate for adolescents of lower secondary school age, both sexes (modelled data) (%) ",2009,0.0
"Out-of-school rate for children of primary school age, both sexes (%)",2009,0.750140011
"Out-of-school rate for children of primary school age, both sexes (modelled data) (%) ",2009,1.0
"Out-of-school rate for children, adolescents and youth of primary, lower secondary and upper secondary school age, both sexes (%)",2009,2.723289967
"Out-of-school rate for youth of upper secondary school age, both sexes (%)",2009,7.306690216
"Out-of-school rate for youth of upper secondary school age, both sexes (modelled data) (%) ",2009,8.0
"Participation rate of youth and adults in formal and non-formal education and training in the previous 12 months, 15-24 years old, both sexes (%)",2009,59.3
"Participation rate of youth and adults in formal and non-formal education and training in the previous 12 months, 15-64 years old, both sexes (%)",2009,27.4
"Participation rate of youth and adults in formal and non-formal education and training in the previous 12 months, 25-54 years old, both sexes (%)",2009,21.7
"Participation rate of youth and adults in formal and non-formal education and training in the previous 12 months, 55-64 years old, both sexes (%)",2009,12.5
"Proportion of 15- to 24-year-olds enrolled in vocational education, both sexes (%)",2009,8.337220192
Gini index,2009,35.1
Income share held by highest 20%,2009,42.2
Income share held by lowest 20%,2009,7.3
"Labor force participation rate, total (% of total population ages 15-64) (modeled ILO estimate)",2009,75.903
Poverty headcount ratio at $2.15 a day (2017 PPP) (% of population),2009,0.2
"School enrollment, primary (% gross)",2009,105.4212418
"School enrollment, secondary (% gross)",2009,100.6347504
"School enrollment, tertiary (% gross)",2009,59.10113144
"Completion rate, lower secondary education, both sexes (modelled data) (%) ",2010,99.65000153
"Completion rate, primary education, both sexes (modelled data) (%) ",2010,99.79000092
"Completion rate, upper secondary education, both sexes (modelled data) (%) ",2010,87.62999725
Expenditure on education as a percentage of total government expenditure (%),2010,13.21977794
Government expenditure on education as a percentage of GDP (%),2010,5.698679924
"Gross enrolment ratio for tertiary education, both sexes (%)",2010,59.84672928
Initial government expenditure on education as a percentage of GDP (%),2010,5.698180199
Initial government funding per pre-primary student as a percentage of GDP per capita,2010,15.68513012
"Initial government funding per pre-primary student, constant PPP$",2010,7443.773926
Initial government funding per primary student as a percentage of GDP per capita,2010,24.14842987
"Initial government funding per primary student, constant PPP$",2010,11460.24316
Initial government funding per secondary student as a percentage of GDP per capita,2010,30.95920944
"Initial government funding per secondary student, constant PPP$",2010,14692.4707
Initial government funding per tertiary student as a percentage of GDP per capita,2010,23.46870995
"Initial government funding per tertiary student, constant PPP$",2010,11137.66699
Number of years of compulsory pre-primary education guaranteed in legal frameworks,2010,0.0
Number of years of compulsory primary and secondary education guaranteed in legal frameworks,2010,11.0
Number of years of free pre-primary education guaranteed in legal frameworks,2010,2.0
Number of years of free primary and secondary education guaranteed in legal frameworks,2010,13.0
"Out-of-school rate for adolescents and youth of lower and upper secondary school age, both sexes (%)",2010,3.066550016
"Out-of-school rate for adolescents of lower secondary school age, both sexes (%)",2010,0.01187
"Out-of-school rate for adolescents of lower secondary school age, both sexes (modelled data) (%) ",2010,0.0
"Out-of-school rate for children of primary school age, both sexes (%)",2010,0.558300018
"Out-of-school rate for children of primary school age, both sexes (modelled data) (%) ",2010,2.0
"Out-of-school rate for children, adolescents and youth of primary, lower secondary and upper secondary school age, both sexes (%)",2010,1.966070056
"Out-of-school rate for youth of upper secondary school age, both sexes (%)",2010,5.271840096
"Out-of-school rate for youth of upper secondary school age, both sexes (modelled data) (%) ",2010,7.0
"Participation rate of youth and adults in formal and non-formal education and training in the previous 12 months, 15-24 years old, both sexes (%)",2010,58.8
"Participation rate of youth and adults in formal and non-formal education and training in the previous 12 months, 15-64 years old, both sexes (%)",2010,26.74
"Participation rate of youth and adults in formal and non-formal education and training in the previous 12 months, 25-54 years old, both sexes (%)",2010,20.96
"Participation rate of youth and adults in formal and non-formal education and training in the previous 12 months, 55-64 years old, both sexes (%)",2010,11.73
"Proportion of 15- to 24-year-olds enrolled in vocational education, both sexes (%)",2010,8.95359993
Gini index,2010,33.7
Income share held by highest 20%,2010,41.2
Income share held by lowest 20%,2010,7.6
"Labor force participation rate, total (% of total population ages 15-64) (modeled ILO estimate)",2010,75.629
Poverty headcount ratio at $2.15 a day (2017 PPP) (% of population),2010,0.2
"School enrollment, primary (% gross)",2010,105.6732407
"School enrollment, secondary (% gross)",2010,103.4611511
"School enrollment, tertiary (% gross)",2010,59.84672928
"Completion rate, lower secondary education, both sexes (modelled data) (%) ",2011,99.65000153
"Completion rate, primary education, both sexes (modelled data) (%) ",2011,99.80000305
"Completion rate, upper secondary education, both sexes (modelled data) (%) ",2011,87.68000031
Expenditure on education as a percentage of total government expenditure (%),2011,12.70050593
Government expenditure on education as a percentage of GDP (%),2011,5.572189808
"Gross enrolment ratio for tertiary education, both sexes (%)",2011,59.34267044
Initial government expenditure on education as a percentage of GDP (%),2011,5.571509838
Initial government funding per pre-primary student as a percentage of GDP per capita,2011,15.57896042
"Initial government funding per pre-primary student, constant PPP$",2011,7499.880859
Initial government funding per primary student as a percentage of GDP per capita,2011,24.35020065
"Initial government funding per primary student, constant PPP$",2011,11722.45117
Initial government funding per secondary student as a percentage of GDP per capita,2011,29.06788063
"Initial government funding per secondary student, constant PPP$",2011,13993.59473
Initial government funding per tertiary student as a percentage of GDP per capita,2011,31.00909996
"Initial government funding per tertiary student, constant PPP$",2011,14928.11523
Number of years of compulsory pre-primary education guaranteed in legal frameworks,2011,0.0
Number of years of compulsory primary and secondary education guaranteed in legal frameworks,2011,11.0
Number of years of free pre-primary education guaranteed in legal frameworks,2011,2.0
Number of years of free primary and secondary education guaranteed in legal frameworks,2011,13.0
"Out-of-school rate for adolescents and youth of lower and upper secondary school age, both sexes (%)",2011,5.381159782
"Out-of-school rate for adolescents of lower secondary school age, both sexes (%)",2011,1.758900046
"Out-of-school rate for adolescents of lower secondary school age, both sexes (modelled data) (%) ",2011,0.0
"Out-of-school rate for children of primary school age, both sexes (%)",2011,1.099490047
"Out-of-school rate for children of primary school age, both sexes (modelled data) (%) ",2011,2.0
"Out-of-school rate for children, adolescents and youth of primary, lower secondary and upper secondary school age, both sexes (%)",2011,3.488159895
"Out-of-school rate for youth of upper secondary school age, both sexes (%)",2011,7.971899986
"Out-of-school rate for youth of upper secondary school age, both sexes (modelled data) (%) ",2011,6.0
"Participation rate of youth and adults in formal and non-formal education and training in the previous 12 months, 15-24 years old, both sexes (%)",2011,58.17
"Participation rate of youth and adults in formal and non-formal education and training in the previous 12 months, 15-64 years old, both sexes (%)",2011,23.76
"Participation rate of youth and adults in formal and non-formal education and training in the previous 12 months, 25-54 years old, both sexes (%)",2011,17.17
"Participation rate of youth and adults in formal and non-formal education and training in the previous 12 months, 55-64 years old, both sexes (%)",2011,8.958
"Proportion of 15- to 24-year-olds enrolled in vocational education, both sexes (%)",2011,5.472360134
Gini index,2011,33.2
Income share held by highest 20%,2011,40.6
Income share held by lowest 20%,2011,7.7
"Labor force participation rate, total (% of total population ages 15-64) (modeled ILO estimate)",2011,75.805
Poverty headcount ratio at $2.15 a day (2017 PPP) (% of population),2011,0.2
"School enrollment, primary (% gross)",2011,105.0262604
"School enrollment, secondary (% gross)",2011,94.16452026
"School enrollment, tertiary (% gross)",2011,59.34267044
"Completion rate, lower secondary education, both sexes (modelled data) (%) ",2012,99.66000366
"Completion rate, primary education, both sexes (modelled data) (%) ",2012,99.80999756
"Completion rate, upper secondary education, both sexes (modelled data) (%) ",2012,87.83999634
Expenditure on education as a percentage of total government expenditure (%),2012,12.24986098
Government expenditure on education as a percentage of GDP (%),2012,5.578873967
"Gross enrolment ratio for tertiary education, both sexes (%)",2012,59.14994049
Initial government expenditure on education as a percentage of GDP (%),2012,5.062290192
Initial government funding per pre-primary student as a percentage of GDP per capita,2012,15.68513012
"Initial government funding per pre-primary student, constant PPP$",2012,7443.773926
Initial government funding per primary student as a percentage of GDP per capita,2012,22.04767036
"Initial government funding per primary student, constant PPP$",2012,11052.80273
Initial government funding per secondary student as a percentage of GDP per capita,2012,23.18247986
"Initial government funding per secondary student, constant PPP$",2012,11389.80664
Initial government funding per tertiary student as a percentage of GDP per capita,2012,27.77477074
"Initial government funding per tertiary student, constant PPP$",2012,12656.39453
Number of years of compulsory pre-primary education guaranteed in legal frameworks,2012,0.0
Number of years of compulsory primary and secondary education guaranteed in legal frameworks,2012,11.0
Number of years of free pre-primary education guaranteed in legal frameworks,2012,2.0
Number of years of free primary and secondary education guaranteed in legal frameworks,2012,13.0
"Out-of-school rate for adolescents and youth of lower and upper secondary school age, both sexes (%)",2012,6.943309784
"Out-of-school rate for adolescents of lower secondary school age, both sexes (%)",2012,5.00496006
"Out-of-school rate for adolescents of lower secondary school age, both sexes (modelled data) (%) ",2012,0.0
"Out-of-school rate for children of primary school age, both sexes (%)",2012,1.913010001
"Out-of-school rate for children of primary school age, both sexes (modelled data) (%) ",2012,2.0
"Out-of-school rate for children, adolescents and youth of primary, lower secondary and upper secondary school age, both sexes (%)",2012,4.683670044
"Out-of-school rate for youth of upper secondary school age, both sexes (%)",2012,8.310139656
"Out-of-school rate for youth of upper secondary school age, both sexes (modelled data) (%) ",2012,5.0
"Participation rate of youth and adults in formal and non-formal education and training in the previous 12 months, 15-24 years old, both sexes (%)",2012,60.13
"Participation rate of youth and adults in formal and non-formal education and training in the previous 12 months, 15-64 years old, both sexes (%)",2012,24.38
"Participation rate of youth and adults in formal and non-formal education and training in the previous 12 months, 25-54 years old, both sexes (%)",2012,17.41
"Participation rate of youth and adults in formal and non-formal education and training in the previous 12 months, 55-64 years old, both sexes (%)",2012,9.352
"Proportion of 15- to 24-year-olds enrolled in vocational education, both sexes (%)",2012,5.691050053
Gini index,2012,33.1
Income share held by highest 20%,2012,40.6
Income share held by lowest 20%,2012,7.7
"Labor force participation rate, total (% of total population ages 15-64) (modeled ILO estimate)",2012,76.264
Poverty headcount ratio at $2.15 a day (2017 PPP) (% of population),2012,0.2
"School enrollment, primary (% gross)",2012,105.8047333
"School enrollment, secondary (% gross)",2012,92.50286865
"School enrollment, tertiary (% gross)",2012,59.14994049
"Completion rate, lower secondary education, both sexes (modelled data) (%) ",2013,99.68000031
"Completion rate, primary education, both sexes (modelled data) (%) ",2013,99.81999969
"Completion rate, upper secondary education, both sexes (modelled data) (%) ",2013,88.05000305
Expenditure on education as a percentage of total government expenditure (%),2013,12.09499976
Government expenditure on education as a percentage of GDP (%),2013,5.525300026
"Gross enrolment ratio for tertiary education, both sexes (%)",2013,56.76288986
Initial government expenditure on education as a percentage of GDP (%),2013,5.525300026
Initial government funding per pre-primary student as a percentage of GDP per capita,2013,16.28639984
"Initial government funding per pre-primary student, constant PPP$",2013,7932.191406
Initial government funding per primary student as a percentage of GDP per capita,2013,22.88639069
"Initial government funding per primary student, constant PPP$",2013,11146.67969
Initial government funding per secondary student as a percentage of GDP per capita,2013,22.35037994
"Initial government funding per secondary student, constant PPP$",2013,10885.62012
Initial government funding per tertiary student as a percentage of GDP per capita,2013,39.75466156
"Initial government funding per tertiary student, constant PPP$",2013,19362.26758
Number of years of compulsory pre-primary education guaranteed in legal frameworks,2013,0.0
Number of years of compulsory primary and secondary education guaranteed in legal frameworks,2013,11.0
Number of years of free pre-primary education guaranteed in legal frameworks,2013,2.0
Number of years of free primary and secondary education guaranteed in legal frameworks,2013,13.0
"Out-of-school rate for adolescents and youth of lower and upper secondary school age, both sexes (%)",2013,3.092299938
"Out-of-school rate for adolescents of lower secondary school age, both sexes (%)",2013,1.107599974
"Out-of-school rate for adolescents of lower secondary school age, both sexes (modelled data) (%) ",2013,1.0
"Out-of-school rate for children of primary school age, both sexes (%)",2013,1.919460058
"Out-of-school rate for children of primary school age, both sexes (modelled data) (%) ",2013,2.0
"Out-of-school rate for children, adolescents and youth of primary, lower secondary and upper secondary school age, both sexes (%)",2013,2.553139925
"Out-of-school rate for youth of upper secondary school age, both sexes (%)",2013,4.475689888
"Out-of-school rate for youth of upper secondary school age, both sexes (modelled data) (%) ",2013,3.0
"Participation rate of youth and adults in formal and non-formal education and training in the previous 12 months, 15-24 years old, both sexes (%)",2013,58.95
"Participation rate of youth and adults in formal and non-formal education and training in the previous 12 months, 15-64 years old, both sexes (%)",2013,24.11
"Participation rate of youth and adults in formal and non-formal education and training in the previous 12 months, 25-54 years old, both sexes (%)",2013,17.22
"Participation rate of youth and adults in formal and non-formal education and training in the previous 12 months, 55-64 years old, both sexes (%)",2013,10.12
"Proportion of 15- to 24-year-olds enrolled in vocational education, both sexes (%)",2013,18.19906044
Gini index,2013,32.7
Income share held by highest 20%,2013,40.2
Income share held by lowest 20%,2013,7.9
"Labor force participation rate, total (% of total population ages 15-64) (modeled ILO estimate)",2013,76.637
Poverty headcount ratio at $2.15 a day (2017 PPP) (% of population),2013,0.2
"School enrollment, primary (% gross)",2013,105.3461685
"School enrollment, secondary (% gross)",2013,125.9873428
"School enrollment, tertiary (% gross)",2013,56.76288986
"Completion rate, lower secondary education, both sexes (modelled data) (%) ",2014,99.70999908
"Completion rate, primary education, both sexes (modelled data) (%) ",2014,99.83000183
"Completion rate, upper secondary education, both sexes (modelled data) (%) ",2014,88.23999786
Expenditure on education as a percentage of total government expenditure (%),2014,12.33209227
Government expenditure on education as a percentage of GDP (%),2014,5.601349831
"Gross enrolment ratio for tertiary education, both sexes (%)",2014,56.48791122
Initial government expenditure on education as a percentage of GDP (%),2014,5.601349831
Initial government funding per pre-primary student as a percentage of GDP per capita,2014,12.72076035
"Initial government funding per pre-primary student, constant PPP$",2014,6264.52002
Initial government funding per primary student as a percentage of GDP per capita,2014,23.31291962
"Initial government funding per primary student, constant PPP$",2014,11480.77539
Initial government funding per secondary student as a percentage of GDP per capita,2014,22.61924934
"Initial government funding per secondary student, constant PPP$",2014,11139.1709
Initial government funding per tertiary student as a percentage of GDP per capita,2014,40.73984146
"Initial government funding per tertiary student, constant PPP$",2014,20062.91016
Number of years of compulsory pre-primary education guaranteed in legal frameworks,2014,0.0
Number of years of compulsory primary and secondary education guaranteed in legal frameworks,2014,11.0
Number of years of free pre-primary education guaranteed in legal frameworks,2014,2.0
Number of years of free primary and secondary education guaranteed in legal frameworks,2014,13.0
"Out-of-school rate for adolescents and youth of lower and upper secondary school age, both sexes (%)",2014,1.037960052
"Out-of-school rate for adolescents of lower secondary school age, both sexes (%)",2014,1.190690041
"Out-of-school rate for adolescents of lower secondary school age, both sexes (modelled data) (%) ",2014,1.0
"Out-of-school rate for children of primary school age, both sexes (%)",2014,1.701869965
"Out-of-school rate for children of primary school age, both sexes (modelled data) (%) ",2014,2.0
"Out-of-school rate for children, adolescents and youth of primary, lower secondary and upper secondary school age, both sexes (%)",2014,1.349789977
"Out-of-school rate for youth of upper secondary school age, both sexes (%)",2014,0.93175
"Out-of-school rate for youth of upper secondary school age, both sexes (modelled data) (%) ",2014,2.0
"Participation rate of youth and adults in formal and non-formal education and training in the previous 12 months, 15-24 years old, both sexes (%)",2014,60.04
"Participation rate of youth and adults in formal and non-formal education and training in the previous 12 months, 15-64 years old, both sexes (%)",2014,23.87
"Participation rate of youth and adults in formal and non-formal education and training in the previous 12 months, 25-54 years old, both sexes (%)",2014,16.74
"Participation rate of youth and adults in formal and non-formal education and training in the previous 12 months, 55-64 years old, both sexes (%)",2014,9.706
"Proportion of 15- to 24-year-olds enrolled in vocational education, both sexes (%)",2014,19.32070923
Gini index,2014,33.1
Income share held by highest 20%,2014,40.5
Income share held by lowest 20%,2014,7.7
"Labor force participation rate, total (% of total population ages 15-64) (modeled ILO estimate)",2014,76.878
Poverty headcount ratio at $2.15 a day (2017 PPP) (% of population),2014,0.2
"School enrollment, primary (% gross)",2014,99.97450256
"School enrollment, secondary (% gross)",2014,128.755127
"School enrollment, tertiary (% gross)",2014,56.48791122
"Completion rate, lower secondary education, both sexes (modelled data) (%) ",2015,99.73000336
"Completion rate, primary education, both sexes (modelled data) (%) ",2015,99.83999634
"Completion rate, upper secondary education, both sexes (modelled data) (%) ",2015,88.40000153
Expenditure on education as a percentage of total government expenditure (%),2015,12.25917393
Government expenditure on education as a percentage of GDP (%),2015,5.55452013
"Gross enrolment ratio for tertiary education, both sexes (%)",2015,56.39712906
Initial government expenditure on education as a percentage of GDP (%),2015,5.55452013
Initial government funding per pre-primary student as a percentage of GDP per capita,2015,8.063610077
"Initial government funding per pre-primary student, constant PPP$",2015,4067.874268
Initial government funding per primary student as a percentage of GDP per capita,2015,24.73098946
"Initial government funding per primary student, constant PPP$",2015,12476.12012
Initial government funding per secondary student as a percentage of GDP per capita,2015,22.82731056
"Initial government funding per secondary student, constant PPP$",2015,11515.76855
Initial government funding per tertiary student as a percentage of GDP per capita,2015,34.99897003
"Initial government funding per tertiary student, constant PPP$",2015,17656.04492
Number of years of compulsory pre-primary education guaranteed in legal frameworks,2015,0.0
Number of years of compulsory primary and secondary education guaranteed in legal frameworks,2015,11.0
Number of years of free pre-primary education guaranteed in legal frameworks,2015,2.0
Number of years of free primary and secondary education guaranteed in legal frameworks,2015,13.0
"Out-of-school rate for adolescents and youth of lower and upper secondary school age, both sexes (%)",2015,1.067880034
"Out-of-school rate for adolescents of lower secondary school age, both sexes (%)",2015,1.48131001
"Out-of-school rate for adolescents of lower secondary school age, both sexes (modelled data) (%) ",2015,1.0
"Out-of-school rate for children of primary school age, both sexes (%)",2015,1.508530021
"Out-of-school rate for children of primary school age, both sexes (modelled data) (%) ",2015,2.0
"Out-of-school rate for children, adolescents and youth of primary, lower secondary and upper secondary school age, both sexes (%)",2015,1.278139949
"Out-of-school rate for youth of upper secondary school age, both sexes (%)",2015,0.773400009
"Out-of-school rate for youth of upper secondary school age, both sexes (modelled data) (%) ",2015,2.0
"Participation rate of youth and adults in formal and non-formal education and training in the previous 12 months, 15-24 years old, both sexes (%)",2015,58.78
"Participation rate of youth and adults in formal and non-formal education and training in the previous 12 months, 15-64 years old, both sexes (%)",2015,23.01
"Participation rate of youth and adults in formal and non-formal education and training in the previous 12 months, 25-54 years old, both sexes (%)",2015,15.83
"Participation rate of youth and adults in formal and non-formal education and training in the previous 12 months, 55-64 years old, both sexes (%)",2015,9.987
"Proportion of 15- to 24-year-olds enrolled in vocational education, both sexes (%)",2015,17.85861969
Gini index,2015,33.3
Income share held by highest 20%,2015,40.5
Income share held by lowest 20%,2015,7.6
"Labor force participation rate, total (% of total population ages 15-64) (modeled ILO estimate)",2015,77.101
Poverty headcount ratio at $2.15 a day (2017 PPP) (% of population),2015,0.2
"School enrollment, primary (% gross)",2015,100.15802
"School enrollment, secondary (% gross)",2015,126.09478
"School enrollment, tertiary (% gross)",2015,56.39712906
"Completion rate, lower secondary education, both sexes (modelled data) (%) ",2016,99.76000214
"Completion rate, primary education, both sexes (modelled data) (%) ",2016,99.83999634
"Completion rate, upper secondary education, both sexes (modelled data) (%) ",2016,88.55000305
Expenditure on education as a percentage of total government expenditure (%),2016,12.21099574
Government expenditure on education as a percentage of GDP (%),2016,5.427959919
"Gross enrolment ratio for tertiary education, both sexes (%)",2016,58.01910019
Initial government expenditure on education as a percentage of GDP (%),2016,5.427959919
Initial government funding per pre-primary student as a percentage of GDP per capita,2016,7.114610195
"Initial government funding per pre-primary student, constant PPP$",2016,3639.86499
Initial government funding per primary student as a percentage of GDP per capita,2016,23.90871048
"Initial government funding per primary student, constant PPP$",2016,12231.78906
Initial government funding per secondary student as a percentage of GDP per capita,2016,20.9549408
"Initial government funding per secondary student, constant PPP$",2016,10720.62793
Initial government funding per tertiary student as a percentage of GDP per capita,2016,37.5745697
"Initial government funding per tertiary student, constant PPP$",2016,19223.29688
Number of years of compulsory pre-primary education guaranteed in legal frameworks,2016,0.0
Number of years of compulsory primary and secondary education guaranteed in legal frameworks,2016,11.0
Number of years of free pre-primary education guaranteed in legal frameworks,2016,2.0
Number of years of free primary and secondary education guaranteed in legal frameworks,2016,13.0
"Out-of-school rate for adolescents and youth of lower and upper secondary school age, both sexes (%)",2016,3.7000099420000003
"Out-of-school rate for adolescents of lower secondary school age, both sexes (%)",2016,1.1894850135000001
"Out-of-school rate for adolescents of lower secondary school age, both sexes (modelled data) (%) ",2016,1.0
"Out-of-school rate for children of primary school age, both sexes (%)",2016,1.346330047
"Out-of-school rate for children of primary school age, both sexes (modelled data) (%) ",2016,2.0
"Out-of-school rate for children, adolescents and youth of primary, lower secondary and upper secondary school age, both sexes (%)",2016,2.291034937
"Out-of-school rate for youth of upper secondary school age, both sexes (%)",2016,6.133029938
"Out-of-school rate for youth of upper secondary school age, both sexes (modelled data) (%) ",2016,3.0
"Participation rate of youth and adults in formal and non-formal education and training in the previous 12 months, 15-24 years old, both sexes (%)",2016,58.56
"Participation rate of youth and adults in formal and non-formal education and training in the previous 12 months, 15-64 years old, both sexes (%)",2016,21.75
"Participation rate of youth and adults in formal and non-formal education and training in the previous 12 months, 25-54 years old, both sexes (%)",2016,14.54
"Participation rate of youth and adults in formal and non-formal education and training in the previous 12 months, 55-64 years old, both sexes (%)",2016,8.537
"Proportion of 15- to 24-year-olds enrolled in vocational education, both sexes (%)",2016,15.23901987
Gini index,2016,33.1
Income share held by highest 20%,2016,40.3
Income share held by lowest 20%,2016,7.6
"Labor force participation rate, total (% of total population ages 15-64) (modeled ILO estimate)",2016,77.53
Poverty headcount ratio at $2.15 a day (2017 PPP) (% of population),2016,0.2
"School enrollment, primary (% gross)",2016,100.319931
"School enrollment, secondary (% gross)",2016,103.03783415
"School enrollment, tertiary (% gross)",2016,58.01910019
"Completion rate, lower secondary education, both sexes (modelled data) (%) ",2017,99.77999878
"Completion rate, primary education, both sexes (modelled data) (%) ",2017,99.84999847
"Completion rate, upper secondary education, both sexes (modelled data) (%) ",2017,88.75
Expenditure on education as a percentage of total government expenditure (%),2017,12.24641486
Government expenditure on education as a percentage of GDP (%),2017,5.452569962
"Gross enrolment ratio for tertiary education, both sexes (%)",2017,59.55479813
Initial government expenditure on education as a percentage of GDP (%),2017,5.452569962
Initial government funding per pre-primary student as a percentage of GDP per capita,2017,8.279800415
"Initial government funding per pre-primary student, constant PPP$",2017,4284.759766
Initial government funding per primary student as a percentage of GDP per capita,2017,23.40825081
"Initial government funding per primary student, constant PPP$",2017,12113.66113
Initial government funding per secondary student as a percentage of GDP per capita,2017,20.81077003
"Initial government funding per secondary student, constant PPP$",2017,10769.47559
Initial government funding per tertiary student as a percentage of GDP per capita,2017,38.7229805
"Initial government funding per tertiary student, constant PPP$",2017,20038.96289
Number of years of compulsory pre-primary education guaranteed in legal frameworks,2017,0.0
Number of years of compulsory primary and secondary education guaranteed in legal frameworks,2017,11.0
Number of years of free pre-primary education guaranteed in legal frameworks,2017,2.0
Number of years of free primary and secondary education guaranteed in legal frameworks,2017,13.0
"Out-of-school rate for adolescents and youth of lower and upper secondary school age, both sexes (%)",2017,1.500890017
"Out-of-school rate for adolescents of lower secondary school age, both sexes (%)",2017,1.292639971
"Out-of-school rate for adolescents of lower secondary school age, both sexes (modelled data) (%) ",2017,1.0
"Out-of-school rate for children of primary school age, both sexes (%)",2017,0.88252002
"Out-of-school rate for children of primary school age, both sexes (modelled data) (%) ",2017,2.0
"Out-of-school rate for children, adolescents and youth of primary, lower secondary and upper secondary school age, both sexes (%)",2017,1.200870037
"Out-of-school rate for youth of upper secondary school age, both sexes (%)",2017,1.661409974
"Out-of-school rate for youth of upper secondary school age, both sexes (modelled data) (%) ",2017,4.0
"Participation rate of youth and adults in formal and non-formal education and training in the previous 12 months, 15-24 years old, both sexes (%)",2017,59.76
"Participation rate of youth and adults in formal and non-formal education and training in the previous 12 months, 15-64 years old, both sexes (%)",2017,21.94
"Participation rate of youth and adults in formal and non-formal education and training in the previous 12 months, 25-54 years old, both sexes (%)",2017,14.6
"Participation rate of youth and adults in formal and non-formal education and training in the previous 12 months, 55-64 years old, both sexes (%)",2017,8.93
"Proportion of 15- to 24-year-olds enrolled in vocational education, both sexes (%)",2017,19.32126045
Gini index,2017,32.6
Income share held by highest 20%,2017,39.8
Income share held by lowest 20%,2017,7.6
"Labor force participation rate, total (% of total population ages 15-64) (modeled ILO estimate)",2017,77.8
Poverty headcount ratio at $2.15 a day (2017 PPP) (% of population),2017,0.2
"School enrollment, primary (% gross)",2017,100.6952209
"School enrollment, secondary (% gross)",2017,125.7314301
"School enrollment, tertiary (% gross)",2017,59.55479813
"Completion rate, lower secondary education, both sexes (modelled data) (%) ",2018,99.80000305
"Completion rate, primary education, both sexes (modelled data) (%) ",2018,99.84999847
"Completion rate, upper secondary education, both sexes (modelled data) (%) ",2018,88.91999817
Expenditure on education as a percentage of total government expenditure (%),2018,12.08059027
Government expenditure on education as a percentage of GDP (%),2018,5.204370022
"Gross enrolment ratio for tertiary education, both sexes (%)",2018,61.0918808
Initial government expenditure on education as a percentage of GDP (%),2018,5.204370022
Initial government funding per pre-primary student as a percentage of GDP per capita,2018,8.244689941
"Initial government funding per pre-primary student, constant PPP$",2018,4350.21582
Initial government funding per primary student as a percentage of GDP per capita,2018,22.74729919
"Initial government funding per primary student, constant PPP$",2018,12002.34668
Initial government funding per secondary student as a percentage of GDP per capita,2018,21.88212967
"Initial government funding per secondary student, constant PPP$",2018,11545.84863
Initial government funding per tertiary student as a percentage of GDP per capita,2018,38.18766022
"Initial government funding per tertiary student, constant PPP$",2018,20149.27344
Number of years of compulsory pre-primary education guaranteed in legal frameworks,2018,0.0
Number of years of compulsory primary and secondary education guaranteed in legal frameworks,2018,11.0
Number of years of free pre-primary education guaranteed in legal frameworks,2018,2.0
Number of years of free primary and secondary education guaranteed in legal frameworks,2018,13.0
"Out-of-school rate for adolescents and youth of lower and upper secondary school age, both sexes (%)",2018,2.769560099
"Out-of-school rate for adolescents of lower secondary school age, both sexes (%)",2018,1.867699981
"Out-of-school rate for adolescents of lower secondary school age, both sexes (modelled data) (%) ",2018,1.0
"Out-of-school rate for children of primary school age, both sexes (%)",2018,0.442640007
"Out-of-school rate for children of primary school age, both sexes (modelled data) (%) ",2018,2.0
"Out-of-school rate for children, adolescents and youth of primary, lower secondary and upper secondary school age, both sexes (%)",2018,1.641459942
"Out-of-school rate for youth of upper secondary school age, both sexes (%)",2018,3.479579926
"Out-of-school rate for youth of upper secondary school age, both sexes (modelled data) (%) ",2018,5.0
"Participation rate of youth and adults in formal and non-formal education and training in the previous 12 months, 15-24 years old, both sexes (%)",2018,57.98
"Participation rate of youth and adults in formal and non-formal education and training in the previous 12 months, 15-64 years old, both sexes (%)",2018,21.49
"Participation rate of youth and adults in formal and non-formal education and training in the previous 12 months, 25-54 years old, both sexes (%)",2018,14.8
"Participation rate of youth and adults in formal and non-formal education and training in the previous 12 months, 55-64 years old, both sexes (%)",2018,8.365
"Proportion of 15- to 24-year-olds enrolled in vocational education, both sexes (%)",2018,18.06871033
Gini index,2018,33.7
Income share held by highest 20%,2018,40.8
Income share held by lowest 20%,2018,7.4
"Labor force participation rate, total (% of total population ages 15-64) (modeled ILO estimate)",2018,78.117
Poverty headcount ratio at $2.15 a day (2017 PPP) (% of population),2018,0.5
"School enrollment, primary (% gross)",2018,101.2196808
"School enrollment, secondary (% gross)",2018,120.1904526
"School enrollment, tertiary (% gross)",2018,61.0918808
"Completion rate, lower secondary education, both sexes (modelled data) (%) ",2019,99.80999756
"Completion rate, primary education, both sexes (modelled data) (%) ",2019,99.86000061
"Completion rate, upper secondary education, both sexes (modelled data) (%) ",2019,89.15000153
Expenditure on education as a percentage of total government expenditure (%),2019,11.99214233
Government expenditure on education as a percentage of GDP (%),2019,5.261159897
"Gross enrolment ratio for tertiary education, both sexes (%)",2019,65.52494049
Initial government expenditure on education as a percentage of GDP (%),2019,5.261159897
Initial government funding per pre-primary student as a percentage of GDP per capita,2019,8.394610405
"Initial government funding per pre-primary student, constant PPP$",2019,4464.364258
Initial government funding per primary student as a percentage of GDP per capita,2019,23.01705933
"Initial government funding per primary student, constant PPP$",2019,12240.77441
Initial government funding per secondary student as a percentage of GDP per capita,2019,22.38492012
"Initial government funding per secondary student, constant PPP$",2019,11904.5957
Initial government funding per tertiary student as a percentage of GDP per capita,2019,37.44511032
"Initial government funding per tertiary student, constant PPP$",2019,19913.80273
Number of years of compulsory pre-primary education guaranteed in legal frameworks,2019,0.0
Number of years of compulsory primary and secondary education guaranteed in legal frameworks,2019,11.0
Number of years of free pre-primary education guaranteed in legal frameworks,2019,2.0
Number of years of free primary and secondary education guaranteed in legal frameworks,2019,13.0
"Out-of-school rate for adolescents and youth of lower and upper secondary school age, both sexes (%)",2019,3.20114994
"Out-of-school rate for adolescents of lower secondary school age, both sexes (%)",2019,1.860980034
"Out-of-school rate for adolescents of lower secondary school age, both sexes (modelled data) (%) ",2019,1.0
"Out-of-school rate for children of primary school age, both sexes (%)",2019,0.050420001
"Out-of-school rate for children of primary school age, both sexes (modelled data) (%) ",2019,2.0
"Out-of-school rate for children, adolescents and youth of primary, lower secondary and upper secondary school age, both sexes (%)",2019,1.688940048
"Out-of-school rate for youth of upper secondary school age, both sexes (%)",2019,4.264900208
"Out-of-school rate for youth of upper secondary school age, both sexes (modelled data) (%) ",2019,5.0
"Participation rate of youth and adults in formal and non-formal education and training in the previous 12 months, 15-24 years old, both sexes (%)",2019,58.82
"Participation rate of youth and adults in formal and non-formal education and training in the previous 12 months, 15-64 years old, both sexes (%)",2019,22.08
"Participation rate of youth and adults in formal and non-formal education and training in the previous 12 months, 25-54 years old, both sexes (%)",2019,15.37
"Participation rate of youth and adults in formal and non-formal education and training in the previous 12 months, 55-64 years old, both sexes (%)",2019,9.223
"Proportion of 15- to 24-year-olds enrolled in vocational education, both sexes (%)",2019,17.50237083
Gini index,2019,32.8
Income share held by highest 20%,2019,39.9
Income share held by lowest 20%,2019,7.5
"Labor force participation rate, total (% of total population ages 15-64) (modeled ILO estimate)",2019,78.368
Poverty headcount ratio at $2.15 a day (2017 PPP) (% of population),2019,0.5
"School enrollment, primary (% gross)",2019,101.7882538
"School enrollment, secondary (% gross)",2019,117.2333374
"School enrollment, tertiary (% gross)",2019,65.52494049
"Completion rate, lower secondary education, both sexes (modelled data) (%) ",2020,99.81999969
"Completion rate, primary education, both sexes (modelled data) (%) ",2020,99.86000061
"Completion rate, upper secondary education, both sexes (modelled data) (%) ",2020,89.27999878
Expenditure on education as a percentage of total government expenditure (%),2020,10.44075335
Government expenditure on education as a percentage of GDP (%),2020,5.439350128
"Gross enrolment ratio for tertiary education, both sexes (%)",2020,69.53038025
Initial government expenditure on education as a percentage of GDP (%),2020,5.439350128
Initial government funding per pre-primary student as a percentage of GDP per capita,2020,8.125189781
"Initial government funding per pre-primary student, constant PPP$",2020,4367.3125
Initial government funding per primary student as a percentage of GDP per capita,2020,23.77223015
"Initial government funding per primary student, constant PPP$",2020,12777.6377
Initial government funding per secondary student as a percentage of GDP per capita,2020,23.18247986
"Initial government funding per secondary student, constant PPP$",2020,12460.64258
Initial government funding per tertiary student as a percentage of GDP per capita,2020,37.00223923
"Initial government funding per tertiary student, constant PPP$",2020,19888.79883
Number of years of compulsory pre-primary education guaranteed in legal frameworks,2020,0.0
Number of years of compulsory primary and secondary education guaranteed in legal frameworks,2020,11.0
Number of years of free pre-primary education guaranteed in legal frameworks,2020,2.0
Number of years of free primary and secondary education guaranteed in legal frameworks,2020,13.0
"Out-of-school rate for adolescents and youth of lower and upper secondary school age, both sexes (%)",2020,3.289190054
"Out-of-school rate for adolescents of lower secondary school age, both sexes (%)",2020,1.219859958
"Out-of-school rate for adolescents of lower secondary school age, both sexes (modelled data) (%) ",2020,1.0
"Out-of-school rate for children of primary school age, both sexes (%)",2020,0.026319999
"Out-of-school rate for children of primary school age, both sexes (modelled data) (%) ",2020,2.0
"Out-of-school rate for children, adolescents and youth of primary, lower secondary and upper secondary school age, both sexes (%)",2020,1.745800018
"Out-of-school rate for youth of upper secondary school age, both sexes (%)",2020,4.936329842
"Out-of-school rate for youth of upper secondary school age, both sexes (modelled data) (%) ",2020,5.0
"Participation rate of youth and adults in formal and non-formal education and training in the previous 12 months, 15-24 years old, both sexes (%)",2020,49.87
"Participation rate of youth and adults in formal and non-formal education and training in the previous 12 months, 15-64 years old, both sexes (%)",2020,12.35
"Participation rate of youth and adults in formal and non-formal education and training in the previous 12 months, 25-54 years old, both sexes (%)",2020,6.355
"Participation rate of youth and adults in formal and non-formal education and training in the previous 12 months, 55-64 years old, both sexes (%)",2020,1.912
"Proportion of 15- to 24-year-olds enrolled in vocational education, both sexes (%)",2020,17.08193016
Gini index,2020,32.6
Income share held by highest 20%,2020,40.0
Income share held by lowest 20%,2020,7.7
"Labor force participation rate, total (% of total population ages 15-64) (modeled ILO estimate)",2020,78.04
Poverty headcount ratio at $2.15 a day (2017 PPP) (% of population),2020,0.5
"School enrollment, primary (% gross)",2020,102.0960236
"School enrollment, secondary (% gross)",2020,114.6516495
"School enrollment, tertiary (% gross)",2020,69.53038025
"Completion rate, lower secondary education, both sexes (modelled data) (%) ",2021,99.83999634
"Completion rate, primary education, both sexes (modelled data) (%) ",2021,99.87000275
"Completion rate, upper secondary education, both sexes (modelled data) (%) ",2021,89.44999695
Expenditure on education as a percentage of total government expenditure (%),2021,11.05457277
Government expenditure on education as a percentage of GDP (%),2021,5.904580116
"Gross enrolment ratio for tertiary education, both sexes (%)",2021,77.07688141
Initial government expenditure on education as a percentage of GDP (%),2021,5.904580116
Initial government funding per pre-primary student as a percentage of GDP per capita,2021,9.437789917
"Initial government funding per pre-primary student, constant PPP$",2021,4530.695801
Initial government funding per primary student as a percentage of GDP per capita,2021,25.80281067
"Initial government funding per primary student, constant PPP$",2021,12386.86328
Initial government funding per secondary student as a percentage of GDP per capita,2021,25.26464081
"Initial government funding per secondary student, constant PPP$",2021,12128.5127
Initial government funding per tertiary student as a percentage of GDP per capita,2021,38.8824501
"Initial government funding per tertiary student, constant PPP$",2021,18665.86328
Number of years of compulsory pre-primary education guaranteed in legal frameworks,2021,0.0
Number of years of compulsory primary and secondary education guaranteed in legal frameworks,2021,11.0
Number of years of free pre-primary education guaranteed in legal frameworks,2021,2.0
Number of years of free primary and secondary education guaranteed in legal frameworks,2021,13.0
"Out-of-school rate for adolescents and youth of lower and upper secondary school age, both sexes (%)",2021,3.068739891
"Out-of-school rate for adolescents of lower secondary school age, both sexes (%)",2021,1.188279986
"Out-of-school rate for adolescents of lower secondary school age, both sexes (modelled data) (%) ",2021,1.0
"Out-of-school rate for children of primary school age, both sexes (%)",2021,0.03215
"Out-of-school rate for children of primary school age, both sexes (modelled data) (%) ",2021,3.0
"Out-of-school rate for children, adolescents and youth of primary, lower secondary and upper secondary school age, both sexes (%)",2021,1.652050018
"Out-of-school rate for youth of upper secondary school age, both sexes (%)",2021,4.560460091
"Out-of-school rate for youth of upper secondary school age, both sexes (modelled data) (%) ",2021,5.0
"Participation rate of youth and adults in formal and non-formal education and training in the previous 12 months, 15-24 years old, both sexes (%)",2021,53.0
"Participation rate of youth and adults in formal and non-formal education and training in the previous 12 months, 15-64 years old, both sexes (%)",2021,13.05
"Participation rate of youth and adults in formal and non-formal education and training in the previous 12 months, 25-54 years old, both sexes (%)",2021,6.895
"Participation rate of youth and adults in formal and non-formal education and training in the previous 12 months, 55-64 years old, both sexes (%)",2021,1.621
"Proportion of 15- to 24-year-olds enrolled in vocational education, both sexes (%)",2021,17.09646988
Gini index,2021,32.4
Income share held by highest 20%,2021,39.7
Income share held by lowest 20%,2021,7.7
"Labor force participation rate, total (% of total population ages 15-64) (modeled ILO estimate)",2021,77.439
Poverty headcount ratio at $2.15 a day (2017 PPP) (% of population),2021,0.2
"School enrollment, primary (% gross)",2021,102.0376205
"School enrollment, secondary (% gross)",2021,113.6838226
"School enrollment, tertiary (% gross)",2021,77.07688141
"Completion rate, lower secondary education, both sexes (modelled data) (%) ",2022,99.84999847
"Completion rate, primary education, both sexes (modelled data) (%) ",2022,99.87000275
"Completion rate, upper secondary education, both sexes (modelled data) (%) ",2022,89.65000153
Expenditure on education as a percentage of total government expenditure (%),2022,10.64375006
Government expenditure on education as a percentage of GDP (%),2022,4.959175668
"Gross enrolment ratio for tertiary education, both sexes (%)",2022,80.15110016
Initial government expenditure on education as a percentage of GDP (%),2022,5.062290192
Initial government funding per pre-primary student as a percentage of GDP per capita,2022,15.68513012
"Initial government funding per pre-primary student, constant PPP$",2022,7443.773926
Initial government funding per primary student as a percentage of GDP per capita,2022,22.04767036
"Initial government funding per primary student, constant PPP$",2022,11052.80273
Initial government funding per secondary student as a percentage of GDP per capita,2022,23.18247986
"Initial government funding per secondary student, constant PPP$",2022,11389.80664
Initial government funding per tertiary student as a percentage of GDP per capita,2022,27.77477074
"Initial government funding per tertiary student, constant PPP$",2022,12656.39453
Number of years of compulsory pre-primary education guaranteed in legal frameworks,2022,0.0
Number of years of compulsory primary and secondary education guaranteed in legal frameworks,2022,11.0
Number of years of free pre-primary education guaranteed in legal frameworks,2022,2.0
Number of years of free primary and secondary education guaranteed in legal frameworks,2022,13.0
"Out-of-school rate for adolescents and youth of lower and upper secondary school age, both sexes (%)",2022,3.099299908
"Out-of-school rate for adolescents of lower secondary school age, both sexes (%)",2022,0.916230023
"Out-of-school rate for adolescents of lower secondary school age, both sexes (modelled data) (%) ",2022,1.0
"Out-of-school rate for children of primary school age, both sexes (%)",2022,0.094910003
"Out-of-school rate for children of primary school age, both sexes (modelled data) (%) ",2022,3.0
"Out-of-school rate for children, adolescents and youth of primary, lower secondary and upper secondary school age, both sexes (%)",2022,1.715790033
"Out-of-school rate for youth of upper secondary school age, both sexes (%)",2022,4.811920166
"Out-of-school rate for youth of upper secondary school age, both sexes (modelled data) (%) ",2022,5.0
"Participation rate of youth and adults in formal and non-formal education and training in the previous 12 months, 15-24 years old, both sexes (%)",2022,51.8
"Participation rate of youth and adults in formal and non-formal education and training in the previous 12 months, 15-64 years old, both sexes (%)",2022,12.76
"Participation rate of youth and adults in formal and non-formal education and training in the previous 12 months, 25-54 years old, both sexes (%)",2022,6.707
"Participation rate of youth and adults in formal and non-formal education and training in the previous 12 months, 55-64 years old, both sexes (%)",2022,1.752
"Proportion of 15- to 24-year-olds enrolled in vocational education, both sexes (%)",2022,16.36644936
Gini index,2022,34.05
Income share held by highest 20%,2022,41.35
Income share held by lowest 20%,2022,7.4
"Labor force participation rate, total (% of total population ages 15-64) (modeled ILO estimate)",2022,77.552
Poverty headcount ratio at $2.15 a day (2017 PPP) (% of population),2022,0.2
"School enrollment, primary (% gross)",2022,102.4061279
"School enrollment, secondary (% gross)",2022,113.228363
"School enrollment, tertiary (% gross)",2022,80.15110016
"Completion rate, lower secondary education, both sexes (modelled data) (%) ",2023,99.86000061
"Completion rate, primary education, both sexes (modelled data) (%) ",2023,99.87999725
"Completion rate, upper secondary education, both sexes (modelled data) (%) ",2023,89.87000275
Expenditure on education as a percentage of total government expenditure (%),2023,10.64375006
Government expenditure on education as a percentage of GDP (%),2023,4.959175668
"Gross enrolment ratio for tertiary education, both sexes (%)",2023,80.15110016
Initial government expenditure on education as a percentage of GDP (%),2023,5.062290192
Initial government funding per pre-primary student as a percentage of GDP per capita,2023,15.68513012
"Initial government funding per pre-primary student, constant PPP$",2023,7443.773926
Initial government funding per primary student as a percentage of GDP per capita,2023,22.04767036
"Initial government funding per primary student, constant PPP$",2023,11052.80273
Initial government funding per secondary student as a percentage of GDP per capita,2023,23.18247986
"Initial government funding per secondary student, constant PPP$",2023,11389.80664
Initial government funding per tertiary student as a percentage of GDP per capita,2023,27.77477074
"Initial government funding per tertiary student, constant PPP$",2023,12656.39453
Number of years of compulsory pre-primary education guaranteed in legal frameworks,2023,0.0
Number of years of compulsory primary and secondary education guaranteed in legal frameworks,2023,11.0
Number of years of free pre-primary education guaranteed in legal frameworks,2023,2.0
Number of years of free primary and secondary education guaranteed in legal frameworks,2023,13.0
"Out-of-school rate for adolescents and youth of lower and upper secondary school age, both sexes (%)",2023,3.7000099420000003
"Out-of-school rate for adolescents of lower secondary school age, both sexes (%)",2023,1.1894850135000001
"Out-of-school rate for adolescents of lower secondary school age, both sexes (modelled data) (%) ",2023,1.0
"Out-of-school rate for children of primary school age, both sexes (%)",2023,0.094910003
"Out-of-school rate for children of primary school age, both sexes (modelled data) (%) ",2023,3.0
"Out-of-school rate for children, adolescents and youth of primary, lower secondary and upper secondary school age, both sexes (%)",2023,2.291034937
"Out-of-school rate for youth of upper secondary school age, both sexes (%)",2023,6.133029938
"Out-of-school rate for youth of upper secondary school age, both sexes (modelled data) (%) ",2023,5.0
"Participation rate of youth and adults in formal and non-formal education and training in the previous 12 months, 15-24 years old, both sexes (%)",2023,56.12
"Participation rate of youth and adults in formal and non-formal education and training in the previous 12 months, 15-64 years old, both sexes (%)",2023,14.46
"Participation rate of youth and adults in formal and non-formal education and training in the previous 12 months, 25-54 years old, both sexes (%)",2023,6.36
"Participation rate of youth and adults in formal and non-formal education and training in the previous 12 months, 55-64 years old, both sexes (%)",2023,1.5
"Proportion of 15- to 24-year-olds enrolled in vocational education, both sexes (%)",2023,15.23901987
Gini index,2023,34.05
Income share held by highest 20%,2023,41.35
Income share held by lowest 20%,2023,7.4
"Labor force participation rate, total (% of total population ages 15-64) (modeled ILO estimate)",2023,77.552
Poverty headcount ratio at $2.15 a day (2017 PPP) (% of population),2023,0.2
"School enrollment, primary (% gross)",2023,102.4061279
"School enrollment, secondary (% gross)",2023,103.03783415
"School enrollment, tertiary (% gross)",2023,80.15110016
